timestamp,cpu_usage,memory_usage,status_code,instance_count
2024-08-31 04:13:23.411801,89.8825603770078,40.971862967936616,200,31
2024-08-31 04:14:23.411801,70.108901121983,49.20487066166569,200,44
2024-08-31 04:15:23.411801,81.53178026612339,60.693760956067706,200,29
2024-08-31 04:16:23.411801,35.38847492440026,41.37738701726566,200,9
2024-08-31 04:17:23.411801,38.611798512211934,47.09716196409825,200,40
2024-08-31 04:18:23.411801,21.454318921039317,75.34639072083047,200,39
2024-08-31 04:19:23.411801,50.98675852747828,50.26275373633561,200,19
2024-08-31 04:20:23.411801,15.349477565116647,67.28061854814898,200,41
2024-08-31 04:21:23.411801,16.73126506408267,42.70318702881304,200,23
2024-08-31 04:22:23.411801,70.07134641982191,61.15611812618295,200,44
2024-08-31 04:23:23.411801,26.79709770125502,77.97484617816839,200,25
2024-08-31 04:24:23.411801,35.94630780802391,92.59661687871599,200,48
2024-08-31 04:25:23.411801,25.695593992967627,54.314764619962574,200,20
2024-08-31 04:26:23.411801,42.804949309534884,56.31209418400144,404,5
2024-08-31 04:27:23.411801,81.25026084306978,52.64271886863587,200,47
2024-08-31 04:28:23.411801,70.97144780787549,68.46396814447148,200,48
2024-08-31 04:29:23.411801,34.68167069150587,91.44367909030423,200,49
2024-08-31 04:30:23.411801,29.77328636675047,84.43255707456805,404,39
2024-08-31 04:31:23.411801,30.200659762438427,36.58648168399883,404,27
2024-08-31 04:32:23.411801,30.031978808908626,59.5183277086609,200,22
2024-08-31 04:33:23.411801,34.38470212221026,64.61526195273665,200,30
2024-08-31 04:34:23.411801,40.21520965460337,82.86232690964385,200,14
2024-08-31 04:35:23.411801,79.41043817815255,34.63117004008964,200,34
2024-08-31 04:36:23.411801,69.57911655202915,47.76046069942274,200,31
2024-08-31 04:37:23.411801,18.86016455679398,43.28356153804328,500,46
2024-08-31 04:38:23.411801,31.671663805364,75.64731412462226,200,43
2024-08-31 04:39:23.411801,84.2067639829905,48.13247945773128,200,4
2024-08-31 04:40:23.411801,38.578731274504946,90.82637577779568,200,13
2024-08-31 04:41:23.411801,60.208275935551086,80.72178088541119,200,27
2024-08-31 04:42:23.411801,51.943481374141896,50.32549946276602,200,25
2024-08-31 04:43:23.411801,66.61132471697024,50.921197385085165,200,17
2024-08-31 04:44:23.411801,49.46610750257819,79.99571658561356,200,33
2024-08-31 04:45:23.411801,46.33917242465533,42.398746928718325,200,16
2024-08-31 04:46:23.411801,17.117043992746765,62.66708089640203,200,13
2024-08-31 04:47:23.411801,67.96972907250078,86.42107664572912,500,1
2024-08-31 04:48:23.411801,42.95234381840576,63.962025192718826,200,41
2024-08-31 04:49:23.411801,10.991274423821231,35.54760033795949,200,8
2024-08-31 04:50:23.411801,46.530998187477635,36.07309682779188,200,15
2024-08-31 04:51:23.411801,47.82998745467636,68.6683972705835,200,25
2024-08-31 04:52:23.411801,39.08451964236913,46.820668422413675,200,13
2024-08-31 04:53:23.411801,23.83447138593806,31.185011932824132,200,38
2024-08-31 04:54:23.411801,79.24563810726694,94.0332617776561,200,15
2024-08-31 04:55:23.411801,53.13248952423237,75.69929845375965,200,12
2024-08-31 04:56:23.411801,46.658685186384005,45.352434683934675,200,11
2024-08-31 04:57:23.411801,56.554972343689286,87.32289129414958,200,44
2024-08-31 04:58:23.411801,78.48227203888348,45.79216888844886,200,21
2024-08-31 04:59:23.411801,38.05766467925588,84.52310195322751,200,17
2024-08-31 05:00:23.411801,28.877126686323056,37.165269444297344,200,6
2024-08-31 05:01:23.411801,76.53289499245784,64.77034395742335,200,4
2024-08-31 05:02:23.411801,65.25404881237618,91.83829033410913,404,18
2024-08-31 05:03:23.411801,18.426696398737104,78.13827521796973,500,34
2024-08-31 05:04:23.411801,38.17880827976032,59.263811425647795,200,20
2024-08-31 05:05:23.411801,58.01556064269738,85.95298473463261,200,49
2024-08-31 05:06:23.411801,16.75410000779045,34.036171989423124,200,18
2024-08-31 05:07:23.411801,14.71970189467104,34.249331010285275,200,27
2024-08-31 05:08:23.411801,11.85081465051705,85.0169927026445,200,8
2024-08-31 05:09:23.411801,56.068545785031205,75.9134127310898,200,42
2024-08-31 05:10:23.411801,40.17599277501106,89.50513952856713,404,31
2024-08-31 05:11:23.411801,55.70249417697796,84.75248162004029,200,33
2024-08-31 05:12:23.411801,63.5299067248934,75.0082065556464,200,42
2024-08-31 05:13:23.411801,21.03937909983567,50.721750975537674,200,7
2024-08-31 05:14:23.411801,65.78443705380039,78.5907607726307,200,48
2024-08-31 05:15:23.411801,15.643351930585565,85.4031707573295,500,31
2024-08-31 05:16:23.411801,53.37706915287103,66.47843937493045,200,16
2024-08-31 05:17:23.411801,44.02428500094114,79.0031892841876,200,28
2024-08-31 05:18:23.411801,47.00499915794957,81.88328836996288,200,31
2024-08-31 05:19:23.411801,53.738967790630994,31.64548287936375,200,23
2024-08-31 05:20:23.411801,65.23097901027946,78.77503077916273,200,24
2024-08-31 05:21:23.411801,61.58354088002482,47.55772718717232,404,12
2024-08-31 05:22:23.411801,59.2732706473936,81.48800005541723,200,11
2024-08-31 05:23:23.411801,80.04974216553929,40.96926416053492,404,24
2024-08-31 05:24:23.411801,68.38331390974794,93.69995209404085,200,21
2024-08-31 05:25:23.411801,15.28497023566925,88.76916546682342,200,17
2024-08-31 05:26:23.411801,11.944193270284744,84.21716686294997,200,8
2024-08-31 05:27:23.411801,76.47510467604874,45.43062548796752,404,6
2024-08-31 05:28:23.411801,74.95757242819907,80.41507082732252,200,38
2024-08-31 05:29:23.411801,19.44024249321658,58.94551195877615,200,30
2024-08-31 05:30:23.411801,65.36881089231768,85.51823593871423,200,17
2024-08-31 05:31:23.411801,20.147366310054924,89.88812218793787,500,22
2024-08-31 05:32:23.411801,31.724969274359083,77.01029496604876,200,1
2024-08-31 05:33:23.411801,28.543625510445978,50.20891296504181,200,7
2024-08-31 05:34:23.411801,77.8672615291063,30.58541935693815,200,39
2024-08-31 05:35:23.411801,73.25486638069789,78.90133319805918,200,13
2024-08-31 05:36:23.411801,45.378317414087164,73.13161376847751,200,1
2024-08-31 05:37:23.411801,38.794970177152635,32.71091717348837,200,31
2024-08-31 05:38:23.411801,44.039041973296236,36.402294968990596,200,35
2024-08-31 05:39:23.411801,86.82931491596764,71.34846123357853,200,6
2024-08-31 05:40:23.411801,47.65230430479627,58.56522411543356,500,2
2024-08-31 05:41:23.411801,24.434858542107378,68.73407958472129,200,35
2024-08-31 05:42:23.411801,18.910657552898744,67.9392457202273,200,18
2024-08-31 05:43:23.411801,62.67085763670729,64.97846721700247,200,10
2024-08-31 05:44:23.411801,35.600447745744646,86.14668552941049,200,20
2024-08-31 05:45:23.411801,24.781553224882494,86.06784329774874,200,25
2024-08-31 05:46:23.411801,73.82552223147498,50.547761166090076,200,45
2024-08-31 05:47:23.411801,68.44490564731346,47.010584375815185,200,7
2024-08-31 05:48:23.411801,78.81672094540902,83.98302809114116,200,45
2024-08-31 05:49:23.411801,79.91763889905259,78.32882661643214,200,6
2024-08-31 05:50:23.411801,29.56892034139362,70.84926653187482,500,40
2024-08-31 05:51:23.411801,66.36131937467472,69.32537725858519,200,11
2024-08-31 05:52:23.411801,63.26384114273821,56.39572578263983,500,30
2024-08-31 05:53:23.411801,57.90469063747218,48.73701949133234,200,3
2024-08-31 05:54:23.411801,73.19066317200252,41.50793329135198,200,4
2024-08-31 05:55:23.411801,39.26781391906338,89.21333766208392,200,13
2024-08-31 05:56:23.411801,80.07570025242656,56.11411914191951,404,9
2024-08-31 05:57:23.411801,70.88423249035563,46.87525016601568,200,10
2024-08-31 05:58:23.411801,57.93373356875173,41.352925613668106,200,39
2024-08-31 05:59:23.411801,37.2864526119218,65.3779526605043,200,45
2024-08-31 06:00:23.411801,23.58494848718304,35.48674876666559,200,24
2024-08-31 06:01:23.411801,42.29130002829814,39.05721029607655,200,48
2024-08-31 06:02:23.411801,71.20586382905881,92.86046569744761,200,47
2024-08-31 06:03:23.411801,18.063082705312166,66.75361796001695,200,22
2024-08-31 06:04:23.411801,65.87628076999428,43.15609390000661,200,3
2024-08-31 06:05:23.411801,57.60279351525807,70.14941719600158,200,40
2024-08-31 06:06:23.411801,12.739530927649598,32.707329990495616,200,2
2024-08-31 06:07:23.411801,44.9023727662939,81.4816671443639,200,46
2024-08-31 06:08:23.411801,38.91389549037014,90.55588301061226,200,3
2024-08-31 06:09:23.411801,16.20545647352243,44.7279262284697,200,35
2024-08-31 06:10:23.411801,63.16777302072589,53.65810833427569,200,29
2024-08-31 06:11:23.411801,60.424659313996536,67.26072142009018,200,47
2024-08-31 06:12:23.411801,14.216992217516857,50.22638161785657,200,6
2024-08-31 06:13:23.411801,15.068117859195036,52.64629999245228,200,49
2024-08-31 06:14:23.411801,42.465757572902135,45.38338245356254,200,25
2024-08-31 06:15:23.411801,45.75973311198734,86.24026488963914,200,42
2024-08-31 06:16:23.411801,53.63991081529613,34.46974988747572,200,21
2024-08-31 06:17:23.411801,75.4989149064565,83.17959504454879,200,46
2024-08-31 06:18:23.411801,49.31098917998182,59.84196728993035,200,37
2024-08-31 06:19:23.411801,49.7172895476097,67.95896816397057,200,42
2024-08-31 06:20:23.411801,25.939295290893405,92.2740269186498,200,29
2024-08-31 06:21:23.411801,70.77937500855127,44.09222724957491,200,42
2024-08-31 06:22:23.411801,36.78324182431681,82.29546781697309,404,20
2024-08-31 06:23:23.411801,18.30488429111493,64.97440437584441,200,2
2024-08-31 06:24:23.411801,41.16353503509427,31.44543656223284,200,14
2024-08-31 06:25:23.411801,41.464755032160426,42.013971599012066,200,27
2024-08-31 06:26:23.411801,26.587312083485823,83.54825471508023,200,42
2024-08-31 06:27:23.411801,37.55518891103221,90.12544910656388,200,43
2024-08-31 06:28:23.411801,29.83049947541896,82.36532879443499,200,23
2024-08-31 06:29:23.411801,57.4600113918392,40.00401061931824,200,1
2024-08-31 06:30:23.411801,28.606423908754984,80.34166925570676,200,1
2024-08-31 06:31:23.411801,78.7871061711656,34.630060960833305,200,28
2024-08-31 06:32:23.411801,86.8878503957651,70.38760599281207,200,43
2024-08-31 06:33:23.411801,82.7942846442094,62.33419529338688,200,23
2024-08-31 06:34:23.411801,74.02859440551761,75.12393503292257,200,39
2024-08-31 06:35:23.411801,72.82097284829857,56.991501676365644,200,31
2024-08-31 06:36:23.411801,41.65604570320099,94.81531657433146,200,38
2024-08-31 06:37:23.411801,21.787298480700805,78.2803593043569,200,6
2024-08-31 06:38:23.411801,50.82073829417452,47.71051486797697,200,33
2024-08-31 06:39:23.411801,65.62128004507075,66.96616465489595,200,32
2024-08-31 06:40:23.411801,11.842912538602146,79.41778614499462,200,42
2024-08-31 06:41:23.411801,70.84680775731667,80.29491554310158,200,6
2024-08-31 06:42:23.411801,27.467662023178203,80.31094885307475,200,36
2024-08-31 06:43:23.411801,46.07421954187841,30.71833714979555,200,45
2024-08-31 06:44:23.411801,19.61117700154307,85.93991168662728,404,26
2024-08-31 06:45:23.411801,43.427761498127644,76.21593114500425,200,20
2024-08-31 06:46:23.411801,53.14603525160261,67.85589475292296,200,10
2024-08-31 06:47:23.411801,45.687115042992545,91.04239299708766,200,3
2024-08-31 06:48:23.411801,71.1370000132902,56.26919685045608,200,35
2024-08-31 06:49:23.411801,21.165217610353704,93.5403813124574,200,16
2024-08-31 06:50:23.411801,15.943886461285546,75.54120675167027,200,2
2024-08-31 06:51:23.411801,42.80632930586299,30.174177189783638,200,25
2024-08-31 06:52:23.411801,56.471825310856985,75.71328586368674,200,41
2024-08-31 06:53:23.411801,11.907613020412988,93.62727612647483,200,7
2024-08-31 06:54:23.411801,23.74198681892352,76.36190370592116,200,41
2024-08-31 06:55:23.411801,32.52232816711464,59.411750507881145,200,29
2024-08-31 06:56:23.411801,38.87847392885955,84.28264943359271,200,21
2024-08-31 06:57:23.411801,11.600701146532106,56.38536034948399,404,4
2024-08-31 06:58:23.411801,35.70846893626808,85.70217758389032,200,24
2024-08-31 06:59:23.411801,28.422402610062953,47.96944566009779,200,3
2024-08-31 07:00:23.411801,76.21030405863343,57.77210169493762,200,28
2024-08-31 07:01:23.411801,87.90507236214188,76.49979120175826,200,43
2024-08-31 07:02:23.411801,53.22666253124126,62.43169864186554,200,45
2024-08-31 07:03:23.411801,42.858012864089694,44.172334422565086,200,48
2024-08-31 07:04:23.411801,55.796442978461194,52.94357372908409,200,6
2024-08-31 07:05:23.411801,47.08103451985941,35.911373911932515,200,40
2024-08-31 07:06:23.411801,10.450119696413598,54.06414387281538,200,44
2024-08-31 07:07:23.411801,65.81434404050489,55.57952836153463,200,29
2024-08-31 07:08:23.411801,77.06283653701482,82.22829962275664,200,30
2024-08-31 07:09:23.411801,33.32381885002833,90.49694119253603,200,7
2024-08-31 07:10:23.411801,84.08370600702054,93.61162759778263,200,37
2024-08-31 07:11:23.411801,59.51657318801489,47.79492958778134,200,17
2024-08-31 07:12:23.411801,59.57515555291327,55.79533022622751,200,34
2024-08-31 07:13:23.411801,73.95009981956656,75.91053399527036,200,23
2024-08-31 07:14:23.411801,47.35053011051875,90.13687159890343,200,9
2024-08-31 07:15:23.411801,23.819988374603376,74.7750110643017,200,47
2024-08-31 07:16:23.411801,70.53820804668777,89.27928770452404,200,1
2024-08-31 07:17:23.411801,57.94037788882835,54.453110892854596,404,4
2024-08-31 07:18:23.411801,44.84445844052245,59.81527282564027,200,30
2024-08-31 07:19:23.411801,80.53471500994294,32.70705735683712,200,18
2024-08-31 07:20:23.411801,10.336401113641687,59.570846251093535,200,31
2024-08-31 07:21:23.411801,31.3344712525811,57.33997157587567,200,10
2024-08-31 07:22:23.411801,69.32945763796317,65.82573184316648,200,6
2024-08-31 07:23:23.411801,22.078651150450348,69.75934651892061,500,43
2024-08-31 07:24:23.411801,85.0086182166261,30.2410460603819,200,27
2024-08-31 07:25:23.411801,64.3522099142493,58.45799242878907,404,13
2024-08-31 07:26:23.411801,56.518198340362844,37.45859135614602,200,39
2024-08-31 07:27:23.411801,14.071616715451567,60.07204636052983,200,49
2024-08-31 07:28:23.411801,14.696022615264699,55.48745439037793,200,28
2024-08-31 07:29:23.411801,73.857481412548,61.086588918158405,200,36
2024-08-31 07:30:23.411801,83.66585331361834,77.58806447880528,404,14
2024-08-31 07:31:23.411801,47.33936454622153,71.80774581932857,200,23
2024-08-31 07:32:23.411801,51.138072506350355,39.435461476599585,404,2
2024-08-31 07:33:23.411801,47.046039075216584,49.27991982621306,200,14
2024-08-31 07:34:23.411801,67.8409285157007,70.921481944463,200,43
2024-08-31 07:35:23.411801,75.34584913653556,74.60848045172355,200,21
2024-08-31 07:36:23.411801,82.80647993412244,93.86073980555237,404,5
2024-08-31 07:37:23.411801,33.060172156778236,59.61569291035226,200,30
2024-08-31 07:38:23.411801,78.67856194749757,53.96384492689439,200,17
2024-08-31 07:39:23.411801,89.63261053144069,64.35532197831476,200,17
2024-08-31 07:40:23.411801,44.95193793244617,82.90511619171919,200,9
2024-08-31 07:41:23.411801,13.466993878906584,62.20692201096855,200,1
2024-08-31 07:42:23.411801,33.21368794628131,30.330986122524198,500,12
2024-08-31 07:43:23.411801,39.732483862575904,30.642810188405708,404,47
2024-08-31 07:44:23.411801,38.08360949932295,91.4863903611235,200,19
2024-08-31 07:45:23.411801,74.28667716130057,36.78335950049098,200,38
2024-08-31 07:46:23.411801,79.55503317551212,50.056474554250656,200,21
2024-08-31 07:47:23.411801,88.34959847323348,43.627083897691065,200,42
2024-08-31 07:48:23.411801,73.96328764603692,60.43273052315465,200,44
2024-08-31 07:49:23.411801,55.08530289218473,48.63054650621395,200,37
2024-08-31 07:50:23.411801,84.20853426296631,49.67903514826207,200,37
2024-08-31 07:51:23.411801,88.41144643357222,35.27450640546432,200,2
2024-08-31 07:52:23.411801,47.03775755527137,46.99001639527453,200,9
2024-08-31 07:53:23.411801,52.57890481065827,76.35944522731648,200,9
2024-08-31 07:54:23.411801,88.95008245628817,66.00775272970722,200,16
2024-08-31 07:55:23.411801,47.803040234272956,59.531893988601595,200,11
2024-08-31 07:56:23.411801,16.558061994821315,90.92755822001706,200,20
2024-08-31 07:57:23.411801,13.544421795980401,80.99658151539434,200,38
2024-08-31 07:58:23.411801,36.75675530069202,82.0172296144496,200,44
2024-08-31 07:59:23.411801,21.616209230225465,71.00873529821864,200,22
2024-08-31 08:00:23.411801,77.14902994422337,87.21206866526354,200,25
2024-08-31 08:01:23.411801,42.823803431105844,40.483573723672265,404,32
2024-08-31 08:02:23.411801,31.90570704827188,78.19846561661265,200,1
2024-08-31 08:03:23.411801,88.57834329090808,78.42681913867,200,5
2024-08-31 08:04:23.411801,42.140452326731804,44.22581270201982,200,48
2024-08-31 08:05:23.411801,77.57963398852654,63.411606239849206,404,43
2024-08-31 08:06:23.411801,43.09057144893367,65.14849978327386,200,41
2024-08-31 08:07:23.411801,76.87201582210493,75.72934915692805,404,19
2024-08-31 08:08:23.411801,37.508691770552375,37.651750163783504,200,32
2024-08-31 08:09:23.411801,78.62471269513976,51.550464313125424,200,45
2024-08-31 08:10:23.411801,88.19031523570555,53.223144533787405,200,13
2024-08-31 08:11:23.411801,72.69424527872927,72.49573347648204,200,2
2024-08-31 08:12:23.411801,45.83435217074697,63.577490737365004,200,6
2024-08-31 08:13:23.411801,22.85474398020999,67.56260416445033,200,3
2024-08-31 08:14:23.411801,39.49403559921067,65.14266290559304,500,36
2024-08-31 08:15:23.411801,74.37619686278181,59.586437535993795,200,6
2024-08-31 08:16:23.411801,46.86333164663395,87.38586811024744,200,38
2024-08-31 08:17:23.411801,52.77238420586834,94.72908566413099,404,17
2024-08-31 08:18:23.411801,72.35809722674125,42.0946232549711,200,14
2024-08-31 08:19:23.411801,72.55835600342277,69.89056993304355,200,47
2024-08-31 08:20:23.411801,32.39213194947438,87.39671745466147,200,8
2024-08-31 08:21:23.411801,50.490507993762975,83.86326180534685,200,26
2024-08-31 08:22:23.411801,58.22839066471214,34.02066202355679,200,25
2024-08-31 08:23:23.411801,50.73286103381403,30.3609658530396,200,30
2024-08-31 08:24:23.411801,41.02475868758362,37.152528054412926,200,27
2024-08-31 08:25:23.411801,42.62892340560739,85.15076196175488,200,20
2024-08-31 08:26:23.411801,19.180480702044377,89.22177232692461,200,23
2024-08-31 08:27:23.411801,47.812970118916844,57.187256402156684,404,32
2024-08-31 08:28:23.411801,73.2198755480776,67.78628851962986,404,26
2024-08-31 08:29:23.411801,54.600023677019266,47.54360086612584,200,4
2024-08-31 08:30:23.411801,88.93283655537246,75.55966147873976,200,36
2024-08-31 08:31:23.411801,84.88858508925958,73.90484589421982,200,23
2024-08-31 08:32:23.411801,75.95674686150024,81.10035521610997,200,24
2024-08-31 08:33:23.411801,69.10299026981401,70.67752673884455,200,1
2024-08-31 08:34:23.411801,54.904593482584374,36.593164436905916,200,29
2024-08-31 08:35:23.411801,75.05092143119887,60.54388333236199,200,25
2024-08-31 08:36:23.411801,51.15810256768352,34.2691752983499,200,27
2024-08-31 08:37:23.411801,46.5934496303879,41.15558312080442,200,47
2024-08-31 08:38:23.411801,47.67763577092484,65.44131906541142,200,46
2024-08-31 08:39:23.411801,77.56673787394436,56.08427309273594,200,39
2024-08-31 08:40:23.411801,55.62295258458123,88.19111433861144,200,2
2024-08-31 08:41:23.411801,53.416524195509574,76.70297542576748,200,27
2024-08-31 08:42:23.411801,55.08474377363797,65.48629640783736,200,20
2024-08-31 08:43:23.411801,77.93164414182391,50.60351144235244,200,42
2024-08-31 08:44:23.411801,66.35501873744384,57.66326760203728,200,9
2024-08-31 08:45:23.411801,11.193211580818678,71.70649518958264,200,47
2024-08-31 08:46:23.411801,51.54598786750811,33.82211594728115,500,41
2024-08-31 08:47:23.411801,53.895299674284935,83.7794343057507,200,28
2024-08-31 08:48:23.411801,34.56432027466107,33.42109550073949,404,13
2024-08-31 08:49:23.411801,84.95733793256561,66.87711462284675,200,47
2024-08-31 08:50:23.411801,75.55017208036463,42.69480232251122,200,33
2024-08-31 08:51:23.411801,44.80359907068823,92.76779363371212,200,12
2024-08-31 08:52:23.411801,53.37092122213267,65.95256640021829,404,1
2024-08-31 08:53:23.411801,58.88912872740175,63.65678256369855,200,39
2024-08-31 08:54:23.411801,66.49964595654511,62.88936960623385,200,3
2024-08-31 08:55:23.411801,68.09435698564555,86.66261021991671,200,33
2024-08-31 08:56:23.411801,20.00375459129895,46.8450565478921,200,28
2024-08-31 08:57:23.411801,16.94291321342468,50.7031650868139,500,11
2024-08-31 08:58:23.411801,75.27662961441253,89.33440612403308,200,36
2024-08-31 08:59:23.411801,80.33107262923015,92.51942797828585,404,10
2024-08-31 09:00:23.411801,55.660055339501504,91.13703848053157,200,6
2024-08-31 09:01:23.411801,20.305828514318502,46.07998050375578,200,40
2024-08-31 09:02:23.411801,17.335548829110927,68.67702570058016,200,3
2024-08-31 09:03:23.411801,27.1643376792018,62.50151399992036,200,14
2024-08-31 09:04:23.411801,81.69497300306392,43.06666202555129,200,37
2024-08-31 09:05:23.411801,42.838830947740405,73.63630506357546,200,19
2024-08-31 09:06:23.411801,59.355885605818486,54.29220944815361,200,1
2024-08-31 09:07:23.411801,29.281967919781493,36.835234792126144,200,12
2024-08-31 09:08:23.411801,47.96340960637653,53.4051349424479,200,28
2024-08-31 09:09:23.411801,51.29133142293309,62.954148314766016,200,47
2024-08-31 09:10:23.411801,38.57421666417804,94.42006277996185,500,38
2024-08-31 09:11:23.411801,69.40071927035567,67.07412758082098,200,45
2024-08-31 09:12:23.411801,43.145512067370234,88.18235912219748,200,21
2024-08-31 09:13:23.411801,31.935615940710342,46.418667648101,200,34
2024-08-31 09:14:23.411801,14.49525027490898,71.8750162837965,404,8
2024-08-31 09:15:23.411801,82.19210214587326,42.64786022174114,200,40
2024-08-31 09:16:23.411801,12.028236701411021,46.86313438255493,200,30
2024-08-31 09:17:23.411801,27.46424322394222,51.469394849631826,200,46
2024-08-31 09:18:23.411801,38.019769950384216,39.701858797885215,500,30
2024-08-31 09:19:23.411801,32.32997104551367,91.22118705649198,200,47
2024-08-31 09:20:23.411801,88.06169683689609,31.993617863700766,200,23
2024-08-31 09:21:23.411801,15.696201338448859,65.87341122553757,404,41
2024-08-31 09:22:23.411801,85.5140738361534,61.62901212392057,500,13
2024-08-31 09:23:23.411801,67.28453706950401,38.38508829022955,404,3
2024-08-31 09:24:23.411801,81.12743513930172,65.59603840421357,200,15
2024-08-31 09:25:23.411801,17.343497401132517,85.05336730096127,200,49
2024-08-31 09:26:23.411801,16.228354961264372,57.68523033766014,200,16
2024-08-31 09:27:23.411801,10.936223751793985,43.30211648200666,200,18
2024-08-31 09:28:23.411801,77.44813192893402,43.35885956439852,500,9
2024-08-31 09:29:23.411801,49.008890775814926,31.562909833304115,200,34
2024-08-31 09:30:23.411801,70.72567702385568,70.74179393532987,200,15
2024-08-31 09:31:23.411801,65.24484615407873,82.04144058310914,200,21
2024-08-31 09:32:23.411801,30.3891544914633,87.88455506735815,200,5
2024-08-31 09:33:23.411801,73.40862121336983,68.0729836910428,404,38
2024-08-31 09:34:23.411801,36.48802447896331,79.23891041512142,200,14
2024-08-31 09:35:23.411801,89.7024137780455,74.73405560199774,200,30
2024-08-31 09:36:23.411801,16.501972564385554,38.28692971384451,500,26
2024-08-31 09:37:23.411801,74.85102341847936,79.88335627493069,200,25
2024-08-31 09:38:23.411801,16.25275986911162,39.3170878374155,200,43
2024-08-31 09:39:23.411801,37.08789337624588,90.21277147826265,200,37
2024-08-31 09:40:23.411801,72.83900113322017,58.583486614216696,200,36
2024-08-31 09:41:23.411801,31.564969728543968,73.9156420802998,200,7
2024-08-31 09:42:23.411801,83.3624122985335,81.97750641089024,200,38
2024-08-31 09:43:23.411801,87.64189305884942,47.01378072559158,200,4
2024-08-31 09:44:23.411801,22.849313389924397,31.59831566497302,200,5
2024-08-31 09:45:23.411801,33.33276466379595,76.34244774239113,200,3
2024-08-31 09:46:23.411801,45.62509468416246,68.35860468749723,200,37
2024-08-31 09:47:23.411801,83.81937868721384,52.48114636630347,200,18
2024-08-31 09:48:23.411801,29.847559532178664,50.01975427029846,200,18
2024-08-31 09:49:23.411801,41.13262102655564,77.2503399003087,200,44
2024-08-31 09:50:23.411801,88.81343108131796,38.10946073735706,200,7
2024-08-31 09:51:23.411801,15.640854663132888,86.67713763357534,200,15
2024-08-31 09:52:23.411801,48.61245875359916,54.153510600209174,200,15
2024-08-31 09:53:23.411801,40.83565704558837,74.44534082264883,500,27
2024-08-31 09:54:23.411801,26.79600231679192,82.31058369045428,200,16
2024-08-31 09:55:23.411801,65.10112212008667,53.11119065715767,200,42
2024-08-31 09:56:23.411801,51.67801330596069,92.32798226361031,200,20
2024-08-31 09:57:23.411801,17.76855637323149,34.023827069321534,200,42
2024-08-31 09:58:23.411801,66.72358648439354,85.28268120870548,200,27
2024-08-31 09:59:23.411801,33.70862965737652,84.95604804306721,404,28
2024-08-31 10:00:23.411801,11.213358113511136,57.84215336293526,200,42
2024-08-31 10:01:23.411801,87.75566826718308,35.7005875701306,200,24
2024-08-31 10:02:23.411801,34.05291561409413,86.41086190151167,500,45
2024-08-31 10:03:23.411801,75.1827345817823,67.07268878060135,200,21
2024-08-31 10:04:23.411801,59.2706431520875,41.126072773027936,200,26
2024-08-31 10:05:23.411801,88.42605760381085,79.02861011937279,404,43
2024-08-31 10:06:23.411801,31.0953074173144,79.07660520215198,200,3
2024-08-31 10:07:23.411801,50.682116664548495,72.37160639772743,200,2
2024-08-31 10:08:23.411801,66.27797752691708,48.677044735900786,200,47
2024-08-31 10:09:23.411801,17.078666187001215,77.59246923824722,200,32
2024-08-31 10:10:23.411801,89.81666011320502,85.86252613637343,200,33
2024-08-31 10:11:23.411801,11.603116050142948,48.142840231045064,200,16
2024-08-31 10:12:23.411801,48.29620570691959,47.538124332970725,500,17
2024-08-31 10:13:23.411801,82.91946992558317,75.8536722648282,200,47
2024-08-31 10:14:23.411801,57.831189656456885,46.80473610361222,200,33
2024-08-31 10:15:23.411801,65.21942770080705,55.59198992892216,404,13
2024-08-31 10:16:23.411801,16.174729629751397,46.527129420367515,200,19
2024-08-31 10:17:23.411801,39.03173553803617,93.818685570087,200,20
2024-08-31 10:18:23.411801,41.99281956317186,38.02619095837603,200,8
2024-08-31 10:19:23.411801,73.36526032175672,86.48336788679168,200,24
2024-08-31 10:20:23.411801,22.666322779297374,56.24879484436566,200,35
2024-08-31 10:21:23.411801,18.65140019218142,94.16027098168226,200,11
2024-08-31 10:22:23.411801,66.90562087958217,92.22222864505365,200,30
2024-08-31 10:23:23.411801,33.34462092896791,54.97536694153082,200,26
2024-08-31 10:24:23.411801,73.51948374497296,68.49404799587398,200,10
2024-08-31 10:25:23.411801,64.59108986899469,39.60100490926875,200,23
2024-08-31 10:26:23.411801,52.76712450307488,50.006197680988656,200,24
2024-08-31 10:27:23.411801,68.09552016497807,88.46899690615558,404,43
2024-08-31 10:28:23.411801,59.89422399685474,66.11422968691544,200,12
2024-08-31 10:29:23.411801,28.06486466851367,67.12101113460949,200,11
2024-08-31 10:30:23.411801,40.91033615439419,90.96042236205437,200,21
2024-08-31 10:31:23.411801,64.71994958113541,70.72569202484321,200,36
2024-08-31 10:32:23.411801,53.94814816036498,93.63920421603656,200,30
2024-08-31 10:33:23.411801,35.652129820646785,44.56459837078551,200,40
2024-08-31 10:34:23.411801,24.295048745689193,37.65421611039062,200,11
2024-08-31 10:35:23.411801,11.408586522935975,52.971069881789774,200,28
2024-08-31 10:36:23.411801,48.87375351269806,86.08746432931339,500,6
2024-08-31 10:37:23.411801,46.506662170821194,68.39796139164508,200,27
2024-08-31 10:38:23.411801,18.61340201738674,38.60986460600827,200,2
2024-08-31 10:39:23.411801,89.71401929844751,39.438699669076804,404,11
2024-08-31 10:40:23.411801,13.696149051231492,59.959000046774015,404,42
2024-08-31 10:41:23.411801,33.40876641010767,75.29677442964763,404,42
2024-08-31 10:42:23.411801,38.5848316578224,64.89872571941129,200,20
2024-08-31 10:43:23.411801,82.81964396670712,60.88171610963788,200,36
2024-08-31 10:44:23.411801,43.75143476332078,47.66421752189442,200,34
2024-08-31 10:45:23.411801,55.16504807453359,69.84471322785863,200,40
2024-08-31 10:46:23.411801,76.24381255953051,80.61154396903153,200,9
2024-08-31 10:47:23.411801,16.47645891016839,47.97280967795761,500,34
2024-08-31 10:48:23.411801,45.8903561606186,78.76529359617048,200,49
2024-08-31 10:49:23.411801,22.50632466661002,75.33170578901175,200,12
2024-08-31 10:50:23.411801,54.01979088948864,37.656649456156764,200,4
2024-08-31 10:51:23.411801,29.696066984954143,39.592210174505134,200,36
2024-08-31 10:52:23.411801,60.79277494509977,70.79080849763625,200,27
2024-08-31 10:53:23.411801,70.40648502910751,43.28021388342346,200,10
2024-08-31 10:54:23.411801,74.78315395498393,35.10508711442664,200,14
2024-08-31 10:55:23.411801,39.43456211337514,55.867064678579915,404,33
2024-08-31 10:56:23.411801,27.322798354363698,85.49800899631832,200,19
2024-08-31 10:57:23.411801,34.43843259792776,41.15373579812647,200,37
2024-08-31 10:58:23.411801,56.38237878129299,72.4116780461237,200,27
2024-08-31 10:59:23.411801,60.9267179076016,84.70433679598264,200,33
2024-08-31 11:00:23.411801,63.04953764089496,78.8896519653904,200,44
2024-08-31 11:01:23.411801,32.31309741592172,47.41553450529496,200,7
2024-08-31 11:02:23.411801,12.062008662701924,41.274582461732095,200,15
2024-08-31 11:03:23.411801,45.82344736270307,91.60227835989248,200,5
2024-08-31 11:04:23.411801,86.11606977680466,33.27040576978238,200,19
2024-08-31 11:05:23.411801,79.91669977465676,42.77787233989387,200,14
2024-08-31 11:06:23.411801,25.615391814323083,92.32995565052093,200,27
2024-08-31 11:07:23.411801,58.047084147448714,89.1767637229522,500,36
2024-08-31 11:08:23.411801,42.66909852558585,47.09569608394152,200,3
2024-08-31 11:09:23.411801,27.32365840267257,86.04002514324175,404,8
2024-08-31 11:10:23.411801,31.19876232823887,68.5243393144366,200,22
2024-08-31 11:11:23.411801,28.012358209984257,80.37960919227763,200,6
2024-08-31 11:12:23.411801,34.99787409076199,57.06660934603096,500,42
2024-08-31 11:13:23.411801,46.20827915386597,57.32039126759527,200,31
2024-08-31 11:14:23.411801,85.0481315238943,74.85588726620918,200,26
2024-08-31 11:15:23.411801,51.034262416146696,58.35273473318959,404,1
2024-08-31 11:16:23.411801,37.29854627970742,54.55427504984197,200,8
2024-08-31 11:17:23.411801,75.34790928294737,70.19148370993882,200,10
2024-08-31 11:18:23.411801,78.12589787430015,93.66186978583086,200,17
2024-08-31 11:19:23.411801,52.137019712112874,76.03824955147391,200,11
2024-08-31 11:20:23.411801,23.924831344430473,90.13885240393662,200,25
2024-08-31 11:21:23.411801,10.573542506635434,51.00516716405347,200,39
2024-08-31 11:22:23.411801,25.84660340714929,60.04124263739823,200,29
2024-08-31 11:23:23.411801,84.95811026432266,53.11597963261148,200,11
2024-08-31 11:24:23.411801,51.546701491315986,84.36996476714891,404,17
2024-08-31 11:25:23.411801,83.37999992700742,85.6521402242975,200,11
2024-08-31 11:26:23.411801,59.19371525424121,44.64503089955953,200,45
2024-08-31 11:27:23.411801,10.27378945069266,30.512080191968632,200,34
2024-08-31 11:28:23.411801,37.39567720658432,47.04493163131766,200,33
2024-08-31 11:29:23.411801,16.980359306301935,76.74887947249141,200,4
2024-08-31 11:30:23.411801,51.51962787593276,39.590028212869704,200,44
2024-08-31 11:31:23.411801,49.2343703005446,72.74903222041827,200,38
2024-08-31 11:32:23.411801,13.6346478646412,53.88520629049131,200,15
2024-08-31 11:33:23.411801,63.52707551053364,85.72850987017814,200,26
2024-08-31 11:34:23.411801,63.11400740912542,67.60887527563466,200,10
2024-08-31 11:35:23.411801,59.2677019107305,72.90460707702083,200,32
2024-08-31 11:36:23.411801,50.607706975596884,83.11716175898896,200,48
2024-08-31 11:37:23.411801,31.85757645317766,80.05587547268316,404,35
2024-08-31 11:38:23.411801,44.82025305536082,86.55564080891615,404,49
2024-08-31 11:39:23.411801,57.307012870691366,39.10823776870763,404,2
2024-08-31 11:40:23.411801,50.53211095708878,71.96405949850809,200,20
2024-08-31 11:41:23.411801,74.27948704349944,67.92804032640544,200,45
2024-08-31 11:42:23.411801,67.73166460194459,61.98449914053116,200,2
2024-08-31 11:43:23.411801,20.70545563126757,34.04522282931066,200,44
2024-08-31 11:44:23.411801,52.67028419439918,79.23054971405051,200,5
2024-08-31 11:45:23.411801,38.592004320722964,66.99555295888997,200,39
2024-08-31 11:46:23.411801,79.33385341006256,50.900473211967,200,34
2024-08-31 11:47:23.411801,89.34274244848123,35.162826142140666,200,13
2024-08-31 11:48:23.411801,48.709643367211406,32.15431886594746,200,19
2024-08-31 11:49:23.411801,27.507166642225673,88.00296508650605,200,35
2024-08-31 11:50:23.411801,80.4580244054998,49.57055541161018,200,34
2024-08-31 11:51:23.411801,44.470237708642195,44.762057079899876,200,11
2024-08-31 11:52:23.411801,41.41888874421278,73.81183876591552,200,18
2024-08-31 11:53:23.411801,42.488372213762574,74.70130104306982,200,5
2024-08-31 11:54:23.411801,24.63975144263376,39.113918621739685,200,25
2024-08-31 11:55:23.411801,11.972582199447848,62.49865122664843,200,8
2024-08-31 11:56:23.411801,43.25228642003094,60.42776803504581,200,27
2024-08-31 11:57:23.411801,29.681093453141543,43.15000101167313,200,5
2024-08-31 11:58:23.411801,33.56006205589301,85.03797277441548,200,5
2024-08-31 11:59:23.411801,72.39031832431374,60.46333727327948,200,45
2024-08-31 12:00:23.411801,52.8389481836329,31.81931081053291,404,28
2024-08-31 12:01:23.411801,30.372199268622833,63.4375374835057,200,45
2024-08-31 12:02:23.411801,69.54559643582705,66.13232845039632,200,13
2024-08-31 12:03:23.411801,89.98314063947439,81.27040686023203,200,29
2024-08-31 12:04:23.411801,86.490338850152,65.83943124016434,200,10
2024-08-31 12:05:23.411801,10.046229233245292,69.29711126336619,200,20
2024-08-31 12:06:23.411801,67.7395111665517,82.89327989328656,200,24
2024-08-31 12:07:23.411801,33.72767503340068,60.486030614063,200,40
2024-08-31 12:08:23.411801,84.06080924667961,85.21307504031333,200,24
2024-08-31 12:09:23.411801,75.19261541349529,85.61914474075824,200,37
2024-08-31 12:10:23.411801,16.97052401138963,76.73709456720415,200,49
2024-08-31 12:11:23.411801,33.155907413443835,53.85401597213153,200,7
2024-08-31 12:12:23.411801,81.82167026853176,86.11539550886644,200,4
2024-08-31 12:13:23.411801,15.697017577730739,66.47304841574504,200,45
2024-08-31 12:14:23.411801,61.700403024558035,37.92099380812112,200,7
2024-08-31 12:15:23.411801,74.14519549726633,91.39306225108982,200,26
2024-08-31 12:16:23.411801,47.16369374029463,44.681919608547275,200,44
2024-08-31 12:17:23.411801,52.14426323359091,75.33069837900187,200,22
2024-08-31 12:18:23.411801,40.47409066720897,54.04371252279479,200,25
2024-08-31 12:19:23.411801,23.042065816830373,34.83364844558248,200,13
2024-08-31 12:20:23.411801,55.0552985367835,91.74054062969235,200,37
2024-08-31 12:21:23.411801,13.730586451618416,89.21608306074037,200,20
2024-08-31 12:22:23.411801,46.43660037751913,76.39896833137452,200,1
2024-08-31 12:23:23.411801,44.7697739257399,40.565246948530735,200,33
2024-08-31 12:24:23.411801,17.46221394918628,41.10897396939612,200,21
2024-08-31 12:25:23.411801,16.896764665819237,88.20999412447078,200,35
2024-08-31 12:26:23.411801,88.94028707566069,89.40542994337788,200,9
2024-08-31 12:27:23.411801,83.33943061143894,46.273381348663484,200,10
2024-08-31 12:28:23.411801,72.48517078218215,48.321785261890774,200,2
2024-08-31 12:29:23.411801,39.362645390968865,63.05644702440191,200,35
2024-08-31 12:30:23.411801,16.93629129474313,87.65266583706327,200,41
2024-08-31 12:31:23.411801,50.2480165082854,78.40471276256261,200,35
2024-08-31 12:32:23.411801,23.966615791499095,83.30332268705989,200,5
2024-08-31 12:33:23.411801,31.039202630267173,70.42028896439605,200,49
2024-08-31 12:34:23.411801,63.22804983488203,90.03285314463986,200,8
2024-08-31 12:35:23.411801,64.8951228002488,61.69469719917564,200,17
2024-08-31 12:36:23.411801,58.806616686133744,57.103239276050346,200,13
2024-08-31 12:37:23.411801,53.45115377300132,61.88617878779411,200,34
2024-08-31 12:38:23.411801,31.678274343008795,30.49728253517184,200,9
2024-08-31 12:39:23.411801,75.05591178189597,41.651534099424694,200,48
2024-08-31 12:40:23.411801,30.999914122802465,53.58518167457141,404,32
2024-08-31 12:41:23.411801,15.668317954355242,55.567609186056266,200,24
2024-08-31 12:42:23.411801,34.124678619185744,66.84747190937338,200,43
2024-08-31 12:43:23.411801,40.268113714158915,32.48344004244592,200,8
2024-08-31 12:44:23.411801,74.73129862148052,72.93333541678132,200,20
2024-08-31 12:45:23.411801,41.19291236088054,45.0728300559576,404,43
2024-08-31 12:46:23.411801,17.91425257221671,71.8780174102405,200,32
2024-08-31 12:47:23.411801,56.054950260663865,43.25853338160324,200,36
2024-08-31 12:48:23.411801,30.432067619090777,36.846492574023664,200,23
2024-08-31 12:49:23.411801,43.30503236848504,49.59956815092171,200,23
2024-08-31 12:50:23.411801,83.94070387773365,87.04340128657623,200,34
2024-08-31 12:51:23.411801,76.66188861098544,56.45918949262899,200,9
2024-08-31 12:52:23.411801,82.40403079787592,66.76026913072748,200,3
2024-08-31 12:53:23.411801,86.50134152374225,74.69572758872609,200,34
2024-08-31 12:54:23.411801,36.51242153097272,36.35974995231398,200,43
2024-08-31 12:55:23.411801,33.26780718522541,38.690280619728306,200,21
2024-08-31 12:56:23.411801,51.57580619580868,44.47832168166814,200,2
2024-08-31 12:57:23.411801,83.68719610640996,69.84448180778794,200,28
2024-08-31 12:58:23.411801,85.92750106258293,94.33077944865498,200,21
2024-08-31 12:59:23.411801,39.36853215028875,33.242581265224345,200,38
2024-08-31 13:00:23.411801,13.598582585761552,39.18644107061597,200,26
2024-08-31 13:01:23.411801,71.27417435159671,34.14410124246285,404,46
2024-08-31 13:02:23.411801,87.58804339860939,56.73586828745839,200,23
2024-08-31 13:03:23.411801,20.96472236705217,42.87991595275302,200,33
2024-08-31 13:04:23.411801,86.54333719777618,60.3549371656091,200,39
2024-08-31 13:05:23.411801,67.02125040251357,33.62714087246692,200,5
2024-08-31 13:06:23.411801,82.62772036301718,89.4715949866276,200,11
2024-08-31 13:07:23.411801,35.76917264266466,76.76839627272992,200,32
2024-08-31 13:08:23.411801,34.26471631622903,36.81714077928194,200,31
2024-08-31 13:09:23.411801,43.17415813878046,56.36808217278287,200,30
2024-08-31 13:10:23.411801,47.12190420673292,67.35274759472878,200,35
2024-08-31 13:11:23.411801,22.03191606742621,39.20418429102269,404,15
2024-08-31 13:12:23.411801,42.57943764561777,37.64468377415165,200,31
2024-08-31 13:13:23.411801,14.056617906401803,74.79306783730333,404,33
2024-08-31 13:14:23.411801,20.389868470854218,89.78887150478046,200,28
2024-08-31 13:15:23.411801,63.02366768863092,78.51846955643495,200,17
2024-08-31 13:16:23.411801,24.896778851269403,55.85515997864469,200,25
2024-08-31 13:17:23.411801,52.845126831175044,50.660722419530835,200,13
2024-08-31 13:18:23.411801,25.794662057892115,87.94907240896177,200,14
2024-08-31 13:19:23.411801,27.95305739992619,43.934584874980345,200,32
2024-08-31 13:20:23.411801,71.37228207440333,55.463587102982224,200,23
2024-08-31 13:21:23.411801,79.33397084253357,55.73234120518216,200,17
2024-08-31 13:22:23.411801,47.223767465529036,42.517525314475805,200,25
2024-08-31 13:23:23.411801,75.97481855270628,76.66686151240425,200,7
2024-08-31 13:24:23.411801,34.41743137250117,36.72561580499284,404,43
2024-08-31 13:25:23.411801,59.978361747122264,32.831593253411604,200,30
2024-08-31 13:26:23.411801,88.14670112167632,79.88262041929305,200,42
2024-08-31 13:27:23.411801,47.29324291629994,72.90941350831217,200,24
2024-08-31 13:28:23.411801,74.26224415089699,82.79270466021757,200,49
2024-08-31 13:29:23.411801,54.558366173948144,75.99167077539731,200,35
2024-08-31 13:30:23.411801,45.49369708589999,51.323649274515255,200,12
2024-08-31 13:31:23.411801,71.58546652989894,79.60496173868462,200,40
2024-08-31 13:32:23.411801,24.80520195779027,76.78769857885979,200,45
2024-08-31 13:33:23.411801,17.63852960645349,46.26739696093033,404,11
2024-08-31 13:34:23.411801,85.18212806004337,73.20778678548722,200,44
2024-08-31 13:35:23.411801,85.75167092604629,42.14878247365031,200,1
2024-08-31 13:36:23.411801,64.95334005110269,47.855132250808225,200,9
2024-08-31 13:37:23.411801,79.09530534876819,44.56659181756801,200,14
2024-08-31 13:38:23.411801,60.61167233355,73.16101059787334,200,1
2024-08-31 13:39:23.411801,80.84465733570536,45.90356787345373,200,37
2024-08-31 13:40:23.411801,62.5750453425121,71.8331889963866,200,6
2024-08-31 13:41:23.411801,32.33265977834789,79.93637107985893,200,14
2024-08-31 13:42:23.411801,49.53996187130769,33.29967181913301,200,21
2024-08-31 13:43:23.411801,51.84678660564497,62.536914279079866,404,5
2024-08-31 13:44:23.411801,34.643898731697966,58.50797910158128,200,22
2024-08-31 13:45:23.411801,19.54409688055116,59.58322081828798,200,36
2024-08-31 13:46:23.411801,42.272864242843966,89.67246832878811,200,38
2024-08-31 13:47:23.411801,80.95078022779342,55.80671909128949,200,29
2024-08-31 13:48:23.411801,18.14046466771223,89.34789306531704,200,7
2024-08-31 13:49:23.411801,70.17968844840988,54.873369369984566,200,2
2024-08-31 13:50:23.411801,15.294878733074162,46.33024836900144,200,35
2024-08-31 13:51:23.411801,32.926247024973144,85.08097925847609,200,37
2024-08-31 13:52:23.411801,27.18272610881432,56.58770728656169,500,44
2024-08-31 13:53:23.411801,54.34381096604538,64.34175577572232,200,23
2024-08-31 13:54:23.411801,43.40265113661897,58.56356921735325,200,3
2024-08-31 13:55:23.411801,80.23403817018635,67.6585948993827,200,7
2024-08-31 13:56:23.411801,87.675967071695,30.665512092765074,200,28
2024-08-31 13:57:23.411801,54.79912054583095,89.01925214101477,404,45
2024-08-31 13:58:23.411801,16.745424543992343,52.733288956190236,200,34
2024-08-31 13:59:23.411801,86.24984010514123,32.54687554150088,200,49
2024-08-31 14:00:23.411801,24.919152700951386,38.499082772198264,200,22
2024-08-31 14:01:23.411801,25.98756012724806,42.24511779938607,200,17
2024-08-31 14:02:23.411801,49.81702194873392,76.58393685351915,200,10
2024-08-31 14:03:23.411801,24.54097265682894,80.99507564382074,200,29
2024-08-31 14:04:23.411801,14.280202962886426,57.601066954469125,200,15
2024-08-31 14:05:23.411801,85.76460296800755,76.10496998580231,200,8
2024-08-31 14:06:23.411801,68.86868389986476,79.12317603242509,200,48
2024-08-31 14:07:23.411801,37.28796817399588,52.13409992246572,200,38
2024-08-31 14:08:23.411801,36.48619276199667,33.59427604314121,200,5
2024-08-31 14:09:23.411801,68.58878935511248,83.54713509068593,200,18
2024-08-31 14:10:23.411801,89.7319095468616,65.03272677830918,200,2
2024-08-31 14:11:23.411801,22.783072029519495,50.0206617563668,200,42
2024-08-31 14:12:23.411801,56.39793845096972,83.39266938940533,200,1
2024-08-31 14:13:23.411801,50.60675196967746,44.24689097050722,404,22
2024-08-31 14:14:23.411801,12.964383133930824,52.17803243136123,404,33
2024-08-31 14:15:23.411801,52.270279369934826,50.62332903245831,200,9
2024-08-31 14:16:23.411801,13.452864790634207,86.69825643593781,200,13
2024-08-31 14:17:23.411801,61.79872747007582,34.140122900071034,200,20
2024-08-31 14:18:23.411801,30.159619630105006,68.62587789582375,200,37
2024-08-31 14:19:23.411801,21.078087590868915,31.4045147399658,200,45
2024-08-31 14:20:23.411801,89.0814814378569,43.67792039450566,200,8
2024-08-31 14:21:23.411801,75.8369148010324,78.37471973340608,200,42
2024-08-31 14:22:23.411801,33.19104585011159,59.90031741903873,200,26
2024-08-31 14:23:23.411801,58.294492252235926,48.6033393609086,200,42
2024-08-31 14:24:23.411801,76.9272147981471,76.06715221640623,404,47
2024-08-31 14:25:23.411801,64.85594004874122,88.56547332289546,200,10
2024-08-31 14:26:23.411801,52.12112549597294,46.26918000686204,200,24
2024-08-31 14:27:23.411801,30.081220595510683,83.16000632570129,200,25
2024-08-31 14:28:23.411801,64.5640951467669,93.89607578063654,200,30
2024-08-31 14:29:23.411801,75.64363412258822,90.96592880793708,200,12
2024-08-31 14:30:23.411801,60.435782205629536,73.23358859132514,200,6
2024-08-31 14:31:23.411801,57.49752128895912,31.603660124473855,200,26
2024-08-31 14:32:23.411801,41.59505701337322,58.77734843622688,200,27
2024-08-31 14:33:23.411801,28.72825016434911,82.63022602450644,200,33
2024-08-31 14:34:23.411801,47.43114549359498,75.91584111614256,200,31
2024-08-31 14:35:23.411801,23.87215832126487,86.1044763111039,200,2
2024-08-31 14:36:23.411801,18.071437151987382,79.97798092855915,200,24
2024-08-31 14:37:23.411801,14.200391005380029,31.002061234119985,200,42
2024-08-31 14:38:23.411801,42.03636702192274,51.416105748678824,200,31
2024-08-31 14:39:23.411801,41.34073219005545,58.45981741742241,200,6
2024-08-31 14:40:23.411801,65.17335820199865,87.23189326764356,200,26
2024-08-31 14:41:23.411801,14.482650619063113,57.09103733971163,200,49
2024-08-31 14:42:23.411801,33.983790232410946,62.14140004439191,200,40
2024-08-31 14:43:23.411801,70.86634764161383,34.80318788104032,404,43
2024-08-31 14:44:23.411801,27.999224143304147,35.84309089302033,500,18
2024-08-31 14:45:23.411801,68.86096400181407,57.83699283404009,200,6
2024-08-31 14:46:23.411801,45.252805500814205,51.17771749465672,200,4
2024-08-31 14:47:23.411801,59.498466696665034,88.23004706877775,200,17
2024-08-31 14:48:23.411801,62.45541567658841,85.41608439446203,404,14
2024-08-31 14:49:23.411801,39.6686545945305,92.53008541317827,200,2
2024-08-31 14:50:23.411801,63.75024038087052,75.91741030057005,200,39
2024-08-31 14:51:23.411801,15.882378319451167,68.88407102397417,200,29
2024-08-31 14:52:23.411801,84.36471883980012,35.174260876052415,200,14
2024-08-31 14:53:23.411801,72.00542184680853,55.953818484016985,200,8
2024-08-31 14:54:23.411801,67.17248840245958,51.53306641118692,200,31
2024-08-31 14:55:23.411801,69.46713754513462,82.36035356671448,404,23
2024-08-31 14:56:23.411801,30.016132314711665,45.99353153813693,200,43
2024-08-31 14:57:23.411801,58.34009042978096,76.4522926440293,200,49
2024-08-31 14:58:23.411801,24.349873498854294,44.15893118106341,200,25
2024-08-31 14:59:23.411801,32.58089850408102,76.60650294536762,200,21
2024-08-31 15:00:23.411801,59.497066386651895,38.2753996806812,404,45
2024-08-31 15:01:23.411801,34.83187195518329,35.20164571060526,200,32
2024-08-31 15:02:23.411801,57.985276401233946,53.46480332441308,200,14
2024-08-31 15:03:23.411801,14.346713243354978,86.52094392972252,200,9
2024-08-31 15:04:23.411801,14.95402993440857,40.93338152854779,200,43
2024-08-31 15:05:23.411801,12.489970226669111,36.910938149917214,200,16
2024-08-31 15:06:23.411801,69.82924669867934,83.66450321130098,200,38
2024-08-31 15:07:23.411801,89.99222920975114,40.74645236834465,404,12
2024-08-31 15:08:23.411801,25.938144165191073,30.487525366075783,200,28
2024-08-31 15:09:23.411801,73.88177467512837,82.02226938273164,200,47
2024-08-31 15:10:23.411801,66.71673618798748,61.5823373332492,200,27
2024-08-31 15:11:23.411801,65.43333072685799,75.61173710440467,500,22
2024-08-31 15:12:23.411801,34.33045136657732,52.47241104433843,200,24
2024-08-31 15:13:23.411801,74.56813536122795,43.07030318876287,200,10
2024-08-31 15:14:23.411801,54.851357905951595,44.652179177737025,200,2
2024-08-31 15:15:23.411801,23.666168600981425,69.46660019100285,404,42
2024-08-31 15:16:23.411801,42.874179561367704,80.03247770781812,200,39
2024-08-31 15:17:23.411801,21.087380071372337,60.26652913573738,200,12
2024-08-31 15:18:23.411801,71.43365312475952,59.101901971603795,200,22
2024-08-31 15:19:23.411801,73.70711608071943,47.88646999916568,200,2
2024-08-31 15:20:23.411801,28.6852169723264,64.83250046459939,200,27
2024-08-31 15:21:23.411801,56.18083873233297,33.32199914049188,200,31
2024-08-31 15:22:23.411801,74.61211728048072,32.33983936044907,200,49
2024-08-31 15:23:23.411801,35.79152808685976,33.24702739054934,200,47
2024-08-31 15:24:23.411801,51.98534441545724,75.70603817141654,200,1
2024-08-31 15:25:23.411801,69.70789758901715,37.567586650384705,200,15
2024-08-31 15:26:23.411801,41.06424111185405,94.86703629261245,404,42
2024-08-31 15:27:23.411801,39.78275882366519,60.86273519993347,200,46
2024-08-31 15:28:23.411801,87.126245650872,53.16496809807701,200,43
2024-08-31 15:29:23.411801,80.51101813968586,55.613198486712854,200,33
2024-08-31 15:30:23.411801,53.392450422928675,48.31404431666623,200,48
2024-08-31 15:31:23.411801,80.72830473362019,74.33480043693429,200,15
2024-08-31 15:32:23.411801,21.75947352046265,43.65010705078463,200,24
2024-08-31 15:33:23.411801,73.95792915056457,78.01284627146222,200,6
2024-08-31 15:34:23.411801,23.296413070088995,43.541852209991504,200,38
2024-08-31 15:35:23.411801,46.34898733704976,35.445894115169466,500,13
2024-08-31 15:36:23.411801,54.98134375029099,83.53617902901381,200,24
2024-08-31 15:37:23.411801,68.35817276178898,44.63679590404571,200,11
2024-08-31 15:38:23.411801,85.25961804308083,51.61186126927364,200,41
2024-08-31 15:39:23.411801,29.682436044072695,48.475613134780794,200,4
2024-08-31 15:40:23.411801,10.984212303171565,58.989815894993576,200,39
2024-08-31 15:41:23.411801,86.74988183284883,90.55405370008793,200,14
2024-08-31 15:42:23.411801,57.95618892775014,71.61295226324144,200,1
2024-08-31 15:43:23.411801,12.920350414504558,73.67212709823376,200,20
2024-08-31 15:44:23.411801,56.935388023351756,33.67827252188569,500,34
2024-08-31 15:45:23.411801,31.59426247555271,75.67028117421223,200,31
2024-08-31 15:46:23.411801,73.9142767846795,63.64465399420532,200,21
2024-08-31 15:47:23.411801,31.59296145925766,72.35888725007455,200,2
2024-08-31 15:48:23.411801,23.368749751091407,57.131823306931366,200,47
2024-08-31 15:49:23.411801,20.97168788643384,39.0379365090356,200,24
2024-08-31 15:50:23.411801,25.370853906781996,46.179468042866404,200,34
2024-08-31 15:51:23.411801,68.46465830185576,34.03562767463928,200,22
2024-08-31 15:52:23.411801,88.07878526316765,52.87417037979678,200,43
2024-08-31 15:53:23.411801,71.50261196935587,46.186882546968334,200,43
2024-08-31 15:54:23.411801,46.64892813161685,46.06116049444735,200,27
2024-08-31 15:55:23.411801,57.52411440132303,58.22759696869639,200,26
2024-08-31 15:56:23.411801,57.12181671932649,40.0159501379497,200,7
2024-08-31 15:57:23.411801,73.3054737439676,49.63393421925358,200,35
2024-08-31 15:58:23.411801,73.317802473152,45.730304308550615,200,9
2024-08-31 15:59:23.411801,11.134395588849841,88.06213920950789,200,2
2024-08-31 16:00:23.411801,63.79361718623133,76.39082363724391,200,23
2024-08-31 16:01:23.411801,68.85135382583844,68.50343671446333,404,33
2024-08-31 16:02:23.411801,11.81385817744057,62.12382777979677,200,35
2024-08-31 16:03:23.411801,60.18853146099124,50.816128376983514,200,8
2024-08-31 16:04:23.411801,17.72417457191966,91.83640087066414,200,36
2024-08-31 16:05:23.411801,53.02968339565635,58.9812513273071,200,44
2024-08-31 16:06:23.411801,62.85959576123516,71.10952379488086,200,43
2024-08-31 16:07:23.411801,38.905467143909064,88.20857190104121,200,8
2024-08-31 16:08:23.411801,66.51938598229711,42.83493809768228,200,1
2024-08-31 16:09:23.411801,30.183909029851268,66.47202993604657,200,13
2024-08-31 16:10:23.411801,51.96791257104488,82.48823377825406,200,45
2024-08-31 16:11:23.411801,77.56143183213528,69.6787967168851,404,43
2024-08-31 16:12:23.411801,82.22334368601642,90.96214642035554,200,23
2024-08-31 16:13:23.411801,52.7872515761701,54.77345406641478,200,23
2024-08-31 16:14:23.411801,83.82074947855774,59.057871336856316,200,33
2024-08-31 16:15:23.411801,63.736448239496895,58.568922700763125,200,49
2024-08-31 16:16:23.411801,61.537637563073005,72.98071766732222,200,15
2024-08-31 16:17:23.411801,85.77382222595011,47.94283619586442,200,22
2024-08-31 16:18:23.411801,22.320011704616853,61.00559157996694,500,43
2024-08-31 16:19:23.411801,19.034714160052904,72.89062458307481,200,19
2024-08-31 16:20:23.411801,45.95708371353591,89.78682319523041,404,41
2024-08-31 16:21:23.411801,25.6306321486319,62.82792080938166,200,42
2024-08-31 16:22:23.411801,83.16810525473754,47.207563738372606,200,38
2024-08-31 16:23:23.411801,60.484342443972395,53.79313571282699,200,40
2024-08-31 16:24:23.411801,59.56601224872656,47.66997915943092,200,10
2024-08-31 16:25:23.411801,46.364653285624144,34.453104763411744,404,20
2024-08-31 16:26:23.411801,50.60184030976174,60.47491638861322,200,30
2024-08-31 16:27:23.411801,28.583805809555265,69.31529104512708,200,10
2024-08-31 16:28:23.411801,75.19960747868048,68.26248837090188,200,30
2024-08-31 16:29:23.411801,41.10345075499378,30.725533154987886,200,20
2024-08-31 16:30:23.411801,24.598665163806153,31.291338311959223,200,45
2024-08-31 16:31:23.411801,26.045672756589397,85.79796658123449,200,7
2024-08-31 16:32:23.411801,52.983865152203265,62.376325848618386,500,18
2024-08-31 16:33:23.411801,28.13324477861258,47.99849699522937,200,4
2024-08-31 16:34:23.411801,59.34909794113125,92.63907256344156,200,16
2024-08-31 16:35:23.411801,88.85150263184484,88.749132344507,500,14
2024-08-31 16:36:23.411801,52.684867356960865,81.00247549525727,200,9
2024-08-31 16:37:23.411801,17.132508090793888,64.89139574248095,200,3
2024-08-31 16:38:23.411801,63.30343185882594,88.82178786767913,200,47
2024-08-31 16:39:23.411801,41.58311954157714,76.13038052975622,200,38
2024-08-31 16:40:23.411801,79.32832423529575,37.095894615251886,200,16
2024-08-31 16:41:23.411801,53.423393881747636,77.50828263366657,200,43
2024-08-31 16:42:23.411801,20.113177225382735,33.8872948710924,404,5
2024-08-31 16:43:23.411801,39.42334229346568,65.95198798358962,200,3
2024-08-31 16:44:23.411801,16.51931967656438,60.44112405798144,200,41
2024-08-31 16:45:23.411801,67.7013388958051,81.50079918380717,200,48
2024-08-31 16:46:23.411801,60.328692690835936,93.20039559181295,200,18
2024-08-31 16:47:23.411801,39.44291627363907,43.93323229006315,200,14
2024-08-31 16:48:23.411801,38.00273338996655,56.867292480000955,200,8
2024-08-31 16:49:23.411801,67.28105782338177,88.5779721263411,200,27
2024-08-31 16:50:23.411801,67.34030089894856,35.71971604016119,200,14
2024-08-31 16:51:23.411801,88.11018111856158,45.16440385420879,200,44
2024-08-31 16:52:23.411801,62.50315514144597,81.8844376023754,200,27
2024-08-31 16:53:23.411801,57.63756891709477,49.002105455526355,200,40
2024-08-31 16:54:23.411801,14.539195689615596,74.85269990938178,200,28
2024-08-31 16:55:23.411801,53.622360178909496,35.33393755013827,200,22
2024-08-31 16:56:23.411801,37.2306631049753,44.432696276478,200,27
2024-08-31 16:57:23.411801,49.324159977969,62.95186327558984,200,38
2024-08-31 16:58:23.411801,43.1176147899092,61.527350104889734,200,12
2024-08-31 16:59:23.411801,61.335202455933114,32.96042010751725,200,13
2024-08-31 17:00:23.411801,29.661801261566126,82.31135285469443,200,38
2024-08-31 17:01:23.411801,66.07581612565684,50.04611030550153,200,36
2024-08-31 17:02:23.411801,55.8304123564199,88.84390274980376,200,30
2024-08-31 17:03:23.411801,28.677187206949544,79.12610089075876,200,45
2024-08-31 17:04:23.411801,23.04381823736456,83.66276919352983,200,9
2024-08-31 17:05:23.411801,34.3754367125948,77.87084673657901,200,4
2024-08-31 17:06:23.411801,38.98737430450393,92.726789598383,200,38
2024-08-31 17:07:23.411801,19.434540019540798,38.924240946976155,200,40
2024-08-31 17:08:23.411801,36.15270298635275,68.83541099462602,200,3
2024-08-31 17:09:23.411801,73.56111763901838,56.61548797940965,200,11
2024-08-31 17:10:23.411801,23.545563827523324,89.35062685266226,500,3
2024-08-31 17:11:23.411801,31.003825602933787,34.496153221984486,200,1
2024-08-31 17:12:23.411801,79.52927023719846,91.03403604738287,200,45
2024-08-31 17:13:23.411801,41.01675815447783,34.547422302440886,200,27
2024-08-31 17:14:23.411801,59.48195206609906,69.79380706209076,200,33
2024-08-31 17:15:23.411801,41.56205103669957,86.51277604601054,200,36
2024-08-31 17:16:23.411801,73.27669895629283,84.51477846193927,500,20
2024-08-31 17:17:23.411801,43.198423490857834,67.71854199547772,200,41
2024-08-31 17:18:23.411801,29.147302433250644,70.4544599079448,200,10
2024-08-31 17:19:23.411801,72.58454172914082,37.31212361729511,500,39
2024-08-31 17:20:23.411801,40.246734705723306,72.73736633927362,200,28
2024-08-31 17:21:23.411801,23.804019737133196,58.3765288723109,200,30
2024-08-31 17:22:23.411801,20.815864491073306,81.84510422976155,200,2
2024-08-31 17:23:23.411801,57.85126218413242,34.01985579155779,200,1
2024-08-31 17:24:23.411801,82.14680181004711,32.4899660019378,200,34
2024-08-31 17:25:23.411801,79.85994662849133,66.7062382596274,200,11
2024-08-31 17:26:23.411801,36.413614735968125,49.56787755925544,200,34
2024-08-31 17:27:23.411801,46.848769328404174,42.25810118826543,200,34
2024-08-31 17:28:23.411801,25.47430636829852,36.281004322091626,200,11
2024-08-31 17:29:23.411801,83.79844884494331,84.86530652367725,200,45
2024-08-31 17:30:23.411801,27.02240882192794,36.830462950441834,200,44
2024-08-31 17:31:23.411801,29.995062054174948,63.771615014200606,200,6
2024-08-31 17:32:23.411801,66.63027025819133,76.82528932667539,200,40
2024-08-31 17:33:23.411801,59.89811946226158,58.639991502267726,200,8
2024-08-31 17:34:23.411801,58.028905268416395,90.7741301567067,200,29
2024-08-31 17:35:23.411801,59.071960414383284,72.01829295032252,200,47
2024-08-31 17:36:23.411801,69.8487594333887,92.37178581865007,200,22
2024-08-31 17:37:23.411801,67.1976518033268,68.13148826284603,200,40
2024-08-31 17:38:23.411801,67.44572120665535,71.35813327385618,404,20
2024-08-31 17:39:23.411801,80.34586780798935,57.622954855642874,404,8
2024-08-31 17:40:23.411801,56.434149036766954,67.5119326222698,404,43
2024-08-31 17:41:23.411801,70.20413284564943,65.53918707244358,500,21
2024-08-31 17:42:23.411801,57.2279928131569,63.70126053720842,200,34
2024-08-31 17:43:23.411801,66.48756733075578,39.246720343653124,200,10
2024-08-31 17:44:23.411801,44.477845170146146,84.48941019469184,200,29
2024-08-31 17:45:23.411801,15.237603401440376,89.92403995014719,200,43
2024-08-31 17:46:23.411801,76.45350267827648,53.93507774979592,200,31
2024-08-31 17:47:23.411801,38.022766169807234,49.396947735918566,200,44
2024-08-31 17:48:23.411801,30.884803134603544,84.2217101123054,200,43
2024-08-31 17:49:23.411801,73.71797988802658,94.78555502509757,404,42
2024-08-31 17:50:23.411801,10.29404822626434,85.01807564052635,200,33
2024-08-31 17:51:23.411801,86.96326530513167,73.61605972702618,200,35
2024-08-31 17:52:23.411801,41.8296990976621,50.352900321010736,500,39
2024-08-31 17:53:23.411801,72.92196973388916,75.61888539315645,200,23
2024-08-31 17:54:23.411801,67.87159092943232,68.62792450859301,200,40
2024-08-31 17:55:23.411801,38.85241011566188,93.69066676477013,200,33
2024-08-31 17:56:23.411801,61.70092936237418,69.02505988395997,200,31
2024-08-31 17:57:23.411801,64.75576655301415,38.06733573231831,200,10
2024-08-31 17:58:23.411801,51.12249751742013,67.03236048815499,200,12
2024-08-31 17:59:23.411801,73.86282081237403,35.38338321558756,200,43
2024-08-31 18:00:23.411801,23.05304984883529,40.14379238197444,200,33
2024-08-31 18:01:23.411801,33.61628686535069,75.18992291073488,200,38
2024-08-31 18:02:23.411801,27.4825469670052,93.49062480179012,200,46
2024-08-31 18:03:23.411801,26.37510127926631,83.0342691404185,200,43
2024-08-31 18:04:23.411801,72.34540254906213,84.38751999721912,200,22
2024-08-31 18:05:23.411801,27.115986707323607,42.13484857602627,200,1
2024-08-31 18:06:23.411801,88.14072679242707,47.02313903392007,200,6
2024-08-31 18:07:23.411801,15.996984690156308,42.89881873775686,200,33
2024-08-31 18:08:23.411801,50.82295566972093,63.86469207409741,200,1
2024-08-31 18:09:23.411801,74.90619936568876,71.10279844269478,200,9
2024-08-31 18:10:23.411801,63.108760650779544,63.77328343890367,200,27
2024-08-31 18:11:23.411801,64.05197593730108,32.26238102614367,200,49
2024-08-31 18:12:23.411801,47.74008992342809,41.4211215014904,200,49
2024-08-31 18:13:23.411801,23.729465075767653,73.54688367922844,200,46
2024-08-31 18:14:23.411801,10.303234877934173,55.037691235020695,500,4
2024-08-31 18:15:23.411801,37.41152306573344,94.68482216193084,404,9
2024-08-31 18:16:23.411801,16.718790736835693,68.4450285572589,200,16
2024-08-31 18:17:23.411801,46.312194550182745,34.00774591291969,200,6
2024-08-31 18:18:23.411801,73.04072245850482,84.34095908729165,200,49
2024-08-31 18:19:23.411801,61.58204138974743,77.33854677540542,404,30
2024-08-31 18:20:23.411801,60.37838574102967,80.9786075271633,404,29
2024-08-31 18:21:23.411801,71.41190026613252,73.29345760484458,200,42
2024-08-31 18:22:23.411801,71.17340710165728,74.50614890994255,200,48
2024-08-31 18:23:23.411801,45.91626679839653,81.09633527492679,200,43
2024-08-31 18:24:23.411801,18.260793526247035,45.61204074406686,200,17
2024-08-31 18:25:23.411801,73.62989091508591,75.29515500475311,500,1
2024-08-31 18:26:23.411801,65.10578955159032,86.38742454361577,200,42
2024-08-31 18:27:23.411801,39.93241321983249,60.507166783605655,404,30
2024-08-31 18:28:23.411801,63.544367258215445,33.22900432768034,404,28
2024-08-31 18:29:23.411801,20.937440268263323,42.520743134888924,200,3
2024-08-31 18:30:23.411801,67.08169831865449,37.840410324690936,200,35
2024-08-31 18:31:23.411801,38.88913599518044,91.79544959664743,200,34
2024-08-31 18:32:23.411801,89.99020840409702,42.16122814799334,200,25
2024-08-31 18:33:23.411801,67.48112475472966,70.0455630642699,200,32
2024-08-31 18:34:23.411801,50.52910326971172,92.6230850615159,200,45
2024-08-31 18:35:23.411801,26.888087560650582,35.8336214819155,200,45
2024-08-31 18:36:23.411801,63.44849459127599,84.9580411228956,200,19
2024-08-31 18:37:23.411801,82.05092520818754,74.12765467677848,200,48
2024-08-31 18:38:23.411801,32.48590404456432,74.817309984637,200,46
2024-08-31 18:39:23.411801,37.25695179191074,68.26203085465704,200,37
2024-08-31 18:40:23.411801,85.52561000738135,72.93372772876049,404,16
2024-08-31 18:41:23.411801,52.865056968025684,87.60028072243738,200,20
2024-08-31 18:42:23.411801,70.66295196002514,40.657849874159375,500,29
2024-08-31 18:43:23.411801,63.97050266455978,78.24394601177497,200,47
2024-08-31 18:44:23.411801,63.18980367377807,76.78976858358888,404,15
2024-08-31 18:45:23.411801,56.474165444072696,90.29578208514687,200,45
2024-08-31 18:46:23.411801,14.889910307142182,62.988408654789794,200,15
2024-08-31 18:47:23.411801,27.284046854120206,72.20693150204754,200,11
2024-08-31 18:48:23.411801,67.74048899085572,61.3942812085411,200,33
2024-08-31 18:49:23.411801,72.55691814927472,31.814646169195193,200,5
2024-08-31 18:50:23.411801,40.056156438095734,35.32606427416189,200,23
2024-08-31 18:51:23.411801,89.8669695381836,44.83338001757242,200,16
2024-08-31 18:52:23.411801,70.96862418443311,49.068733899967334,200,11
2024-08-31 18:53:23.411801,63.4558037798849,44.84125580141604,200,42
2024-08-31 18:54:23.411801,24.468974935370582,68.9531281676952,200,39
2024-08-31 18:55:23.411801,30.05455271504724,68.64433608792065,200,42
2024-08-31 18:56:23.411801,67.6095265157102,33.99690299965855,200,41
2024-08-31 18:57:23.411801,25.527380067131197,89.54405144766582,200,8
2024-08-31 18:58:23.411801,81.06478507518315,45.395872655807494,200,30
2024-08-31 18:59:23.411801,19.480220621548128,83.36877175637235,200,1
2024-08-31 19:00:23.411801,77.10502212397898,49.82813052432172,200,13
2024-08-31 19:01:23.411801,39.9138646581418,64.38702963739563,200,33
2024-08-31 19:02:23.411801,84.32747808938049,76.36592058106801,200,13
2024-08-31 19:03:23.411801,48.709255424055904,54.40658102104776,200,48
2024-08-31 19:04:23.411801,25.53856121442933,39.779637227582604,200,24
2024-08-31 19:05:23.411801,74.15249093453414,65.99883513453862,200,3
2024-08-31 19:06:23.411801,39.47371704957984,60.57754932256928,200,22
2024-08-31 19:07:23.411801,32.694256155243046,48.10523088029706,200,5
2024-08-31 19:08:23.411801,65.74469920969635,69.42393300807905,200,8
2024-08-31 19:09:23.411801,14.419319046119803,80.27728489181145,200,26
2024-08-31 19:10:23.411801,66.96137260763014,64.37041964277327,200,46
2024-08-31 19:11:23.411801,35.311125578258434,76.69116811652052,200,17
2024-08-31 19:12:23.411801,36.11481249716977,73.42152378361672,200,47
2024-08-31 19:13:23.411801,66.84670722433624,41.654989205600806,200,6
2024-08-31 19:14:23.411801,66.64366278227955,73.15274406123685,200,31
2024-08-31 19:15:23.411801,75.36016489551436,33.578969076269466,200,2
2024-08-31 19:16:23.411801,82.23400538820954,70.33119416798539,200,13
2024-08-31 19:17:23.411801,76.17185693433396,71.94770626947746,200,13
2024-08-31 19:18:23.411801,40.75561450143617,48.499931639624926,200,49
2024-08-31 19:19:23.411801,12.381132665846115,47.33431122873794,200,48
2024-08-31 19:20:23.411801,82.0974238105008,69.41769417906008,500,21
2024-08-31 19:21:23.411801,10.806940664167444,57.76007024646329,200,33
2024-08-31 19:22:23.411801,19.646008829636877,33.45645815697966,200,46
2024-08-31 19:23:23.411801,24.250768666932494,84.86848092764178,200,9
2024-08-31 19:24:23.411801,45.614981478537715,43.65152319758663,200,22
2024-08-31 19:25:23.411801,48.91362574853354,73.83165964961412,200,1
2024-08-31 19:26:23.411801,81.86082164477793,74.44813666772426,200,23
2024-08-31 19:27:23.411801,83.6780342337157,40.317951087207746,200,14
2024-08-31 19:28:23.411801,59.59468569956779,69.70700678786574,200,1
2024-08-31 19:29:23.411801,30.600609986843583,85.50300036614568,500,16
2024-08-31 19:30:23.411801,26.042712158008108,88.3328644867989,404,35
2024-08-31 19:31:23.411801,52.84182698775058,56.07186200152814,200,3
2024-08-31 19:32:23.411801,22.213957960995685,74.00463662431619,200,41
2024-08-31 19:33:23.411801,62.59569360433261,78.95640326335572,200,15
2024-08-31 19:34:23.411801,76.06663381891667,84.64122528225708,200,13
2024-08-31 19:35:23.411801,24.130613758269988,55.76234005017197,200,23
2024-08-31 19:36:23.411801,27.792896630882016,42.34418485624774,200,25
2024-08-31 19:37:23.411801,83.92737819564987,33.49616675305683,200,38
2024-08-31 19:38:23.411801,88.52574556729734,48.10461942560814,404,34
2024-08-31 19:39:23.411801,79.87738050865606,72.5106031463405,200,28
2024-08-31 19:40:23.411801,36.913098086929175,69.23937382268713,200,14
2024-08-31 19:41:23.411801,89.66840675870691,43.65830721702255,404,8
2024-08-31 19:42:23.411801,74.88054738506924,47.18558763755482,200,8
2024-08-31 19:43:23.411801,34.743149495318654,82.14841855833585,500,5
2024-08-31 19:44:23.411801,40.55224313024468,54.60296040529928,200,27
2024-08-31 19:45:23.411801,44.35215684679518,56.956150327589995,200,28
2024-08-31 19:46:23.411801,39.53560134605284,41.08222827787507,200,4
2024-08-31 19:47:23.411801,49.83477103491297,90.8139111888929,200,17
2024-08-31 19:48:23.411801,23.358551580309282,60.188377910335575,200,7
2024-08-31 19:49:23.411801,69.01495469457168,75.29686186863634,200,11
2024-08-31 19:50:23.411801,78.8855346854878,80.73272409516076,200,39
2024-08-31 19:51:23.411801,18.388112294885907,90.81313024045743,404,8
2024-08-31 19:52:23.411801,14.260038968547981,62.07707549290052,200,22
2024-08-31 19:53:23.411801,89.22000675451491,57.402829584605314,200,30
2024-08-31 19:54:23.411801,79.93115656464987,76.90762336964158,200,38
2024-08-31 19:55:23.411801,55.455964121466835,31.667194385990662,200,18
2024-08-31 19:56:23.411801,38.7197012665522,65.23364954125998,200,45
2024-08-31 19:57:23.411801,40.562526117368584,53.44823240278349,200,16
2024-08-31 19:58:23.411801,42.28900001602283,64.78201143128437,200,45
2024-08-31 19:59:23.411801,65.50600942032743,73.63500333282131,200,38
2024-08-31 20:00:23.411801,64.34995940158998,60.501570102036965,200,46
2024-08-31 20:01:23.411801,36.6418966709049,78.17743577886642,404,38
2024-08-31 20:02:23.411801,10.547319311941488,47.06534041231931,200,8
2024-08-31 20:03:23.411801,47.87561556036369,92.43684022817726,404,36
2024-08-31 20:04:23.411801,25.419702888567866,46.43868972674944,200,32
2024-08-31 20:05:23.411801,49.57613914297772,76.89796743991748,200,7
2024-08-31 20:06:23.411801,78.90512917666234,84.23009980753271,200,44
2024-08-31 20:07:23.411801,69.86687513299846,73.11653769443707,200,8
2024-08-31 20:08:23.411801,85.83546056102763,92.29299707641239,200,43
2024-08-31 20:09:23.411801,88.97523897552811,60.00519550796493,200,13
2024-08-31 20:10:23.411801,79.9803846369703,49.66596943562671,200,19
2024-08-31 20:11:23.411801,23.36409564737466,81.61430761870567,200,3
2024-08-31 20:12:23.411801,71.72025942807016,74.1840232012239,200,48
2024-08-31 20:13:23.411801,82.37596232831018,48.66306451221506,200,28
2024-08-31 20:14:23.411801,65.13191779247583,61.353150567179725,200,37
2024-08-31 20:15:23.411801,35.02641547883563,68.72537875105004,200,48
2024-08-31 20:16:23.411801,74.65134391428145,93.53933192604255,200,3
2024-08-31 20:17:23.411801,53.06153024525273,63.35243721883828,200,16
2024-08-31 20:18:23.411801,66.05597723369212,86.01820402345615,200,37
2024-08-31 20:19:23.411801,24.420058330403176,88.18396343069458,200,9
2024-08-31 20:20:23.411801,82.33088464614113,71.14130900577875,500,42
2024-08-31 20:21:23.411801,71.29272304369142,42.56741123701619,200,1
2024-08-31 20:22:23.411801,48.11740073230301,73.22185440867986,200,36
2024-08-31 20:23:23.411801,25.35478473812498,47.822057496575766,200,33
2024-08-31 20:24:23.411801,74.64545853051325,91.97832734618966,200,21
2024-08-31 20:25:23.411801,85.78881582075202,85.7233414198723,200,41
2024-08-31 20:26:23.411801,33.99029059348089,60.103203839583266,404,42
2024-08-31 20:27:23.411801,29.017973615767847,65.32583723792942,200,31
2024-08-31 20:28:23.411801,22.822764500040975,88.50322174825794,200,36
2024-08-31 20:29:23.411801,41.785783101799424,84.35817295807826,200,14
2024-08-31 20:30:23.411801,27.932959504072763,37.028588100760686,200,4
2024-08-31 20:31:23.411801,45.4780431385483,53.410127259046746,200,1
2024-08-31 20:32:23.411801,89.03358700188474,53.07444324858527,200,20
2024-08-31 20:33:23.411801,54.107028191560204,65.26575425303298,200,34
2024-08-31 20:34:23.411801,24.244363910987836,60.97155413645673,200,20
2024-08-31 20:35:23.411801,21.861015222297144,43.56084026240319,200,12
2024-08-31 20:36:23.411801,82.49182864805172,94.67955855737418,200,8
2024-08-31 20:37:23.411801,42.976502005991506,93.65294242519276,200,1
2024-08-31 20:38:23.411801,50.697493831890235,38.7857473857108,200,32
2024-08-31 20:39:23.411801,76.59059810128709,54.23906126681551,200,8
2024-08-31 20:40:23.411801,73.93539026131751,53.906590394522304,200,5
2024-08-31 20:41:23.411801,49.83578384567707,56.347172612380824,200,21
2024-08-31 20:42:23.411801,78.00672298039144,87.23536903074994,200,38
2024-08-31 20:43:23.411801,62.55667388064658,86.92809508015375,200,18
2024-08-31 20:44:23.411801,38.77019440866418,40.891630021971665,404,39
2024-08-31 20:45:23.411801,41.045826285897306,94.32701133927482,404,45
2024-08-31 20:46:23.411801,88.61928359180897,87.3624680397462,500,46
2024-08-31 20:47:23.411801,32.33366248839708,60.53868043670675,404,40
2024-08-31 20:48:23.411801,38.81521151731757,70.03690366103989,200,36
2024-08-31 20:49:23.411801,78.50244085114842,82.20936775302572,200,7
2024-08-31 20:50:23.411801,31.7228777113856,51.879593294321275,200,36
2024-08-31 20:51:23.411801,26.17582836023269,49.86860834361469,200,9
2024-08-31 20:52:23.411801,11.765932080519965,67.60419463125446,200,3
